<?xml version="1.0" encoding="UTF-8"?>

<databaseChangeLog
  xmlns="http://www.liquibase.org/xml/ns/dbchangelog"
  xmlns:xsi="http://www.w3.org/2001/XMLSchema-instance"
  xsi:schemaLocation="http://www.liquibase.org/xml/ns/dbchangelog
         http://www.liquibase.org/xml/ns/dbchangelog/dbchangelog-3.1.xsd">

  <changeSet id="03" author="techgeeknext">
    <comment>Inserting Company records</comment>
    <insert tableName="company">
      <column name="id" valueNumeric="1"/>
      <column name="name" value="techgeeknext_company_01"/>
      <column name="employee" valueNumeric="01"/>
    </insert>
    <insert tableName="company">
      <column name="id" valueNumeric="2"/>
      <column name="name" value="techgeeknext_company_02"/>
      <column name="employee" valueNumeric="02"/>
    </insert>
    <insert tableName="company">
      <column name="id" valueNumeric="3"/>
      <column name="name" value="techgeeknext_company_03"/>
      <column name="employee" valueNumeric="03"/>
    </insert>
    <insert tableName="company">
      <column name="id" valueNumeric="4"/>
      <column name="name" value="techgeeknext_company_04"/>
      <column name="employee" valueNumeric="04"/>
    </insert>
    <insert tableName="company">
      <column name="id" valueNumeric="5"/>
      <column name="name" value="techgeeknext_company_05"/>
      <column name="employee" valueNumeric="05"/>
    </insert>

    <!--
    To update the company table data on precondition
    if name is techgeeknext_company_03 then update employee to 05
    <preConditions>
            <dbms type="mysql"/>
        </preConditions>
        <update tableName="company">
            <column name="employee" value="05"/>
            <where>name = 'techgeeknext_company_03'</where>
        </update>
    !-->

  </changeSet>
</databaseChangeLog>