<?xml version="1.0" encoding="UTF-8"?>

<databaseChangeLog
  xmlns="http://www.liquibase.org/xml/ns/dbchangelog"
  xmlns:xsi="http://www.w3.org/2001/XMLSchema-instance"
  xsi:schemaLocation="http://www.liquibase.org/xml/ns/dbchangelog
         http://www.liquibase.org/xml/ns/dbchangelog/dbchangelog-3.1.xsd">

  <changeSet id="02" author="techgeeknext">
    <comment>Inserting employees</comment>
    <insert tableName="employees">
      <column name="id" valueNumeric="01"/>
      <column name="name" value="techgeeknext_employee_01"/>
    </insert>
    <insert tableName="employees">
      <column name="id" valueNumeric="02"/>
      <column name="name" value="techgeeknext_employee_02"/>
    </insert>
    <insert tableName="employees">
      <column name="id" valueNumeric="03"/>
      <column name="name" value="techgeeknext_employee_03"/>
    </insert>
    <insert tableName="employees">
      <column name="id" valueNumeric="04"/>
      <column name="name" value="techgeeknext_employee_04"/>
    </insert>
    <insert tableName="employees">
      <column name="id" valueNumeric="05"/>
      <column name="name" value="techgeeknext_employee_05"/>
    </insert>
  </changeSet>
</databaseChangeLog>